--
-- PostgreSQL database dump
--

-- Dumped from database version 11.15
-- Dumped by pg_dump version 11.15

-- Started on 2025-10-01 23:45:45

SET statement_timeout = 0;
SET lock_timeout = 0;
SET idle_in_transaction_session_timeout = 0;
SET client_encoding = 'UTF8';
SET standard_conforming_strings = on;
SELECT pg_catalog.set_config('search_path', '', false);
SET check_function_bodies = false;
SET xmloption = content;
SET client_min_messages = warning;
SET row_security = off;

SET default_tablespace = '';

SET default_with_oids = false;

--
-- TOC entry 203 (class 1259 OID 377429)
-- Name: how_to; Type: TABLE; Schema: public; Owner: postgres
--

CREATE TABLE public.how_to (
    id integer NOT NULL,
    recipe_id integer NOT NULL,
    how_to_no1 character varying(3000),
    how_to_no2 character varying(3000),
    how_to_no3 character varying(3000),
    how_to_no4 character varying(3000),
    how_to_no5 character varying(3000),
    how_to_no6 character varying(3000),
    how_to_no7 character varying(3000),
    how_to_no8 character varying(3000),
    how_to_no9 character varying(3000),
    how_to_no10 character varying(3000)
);


ALTER TABLE public.how_to OWNER TO postgres;

--
-- TOC entry 202 (class 1259 OID 377427)
-- Name: how_to_id_seq; Type: SEQUENCE; Schema: public; Owner: postgres
--

CREATE SEQUENCE public.how_to_id_seq
    AS integer
    START WITH 1
    INCREMENT BY 1
    NO MINVALUE
    NO MAXVALUE
    CACHE 1;


ALTER TABLE public.how_to_id_seq OWNER TO postgres;

--
-- TOC entry 2865 (class 0 OID 0)
-- Dependencies: 202
-- Name: how_to_id_seq; Type: SEQUENCE OWNED BY; Schema: public; Owner: postgres
--

ALTER SEQUENCE public.how_to_id_seq OWNED BY public.how_to.id;


--
-- TOC entry 201 (class 1259 OID 377415)
-- Name: material; Type: TABLE; Schema: public; Owner: postgres
--

CREATE TABLE public.material (
    id integer NOT NULL,
    recipe_id integer NOT NULL,
    material_name character varying(100) NOT NULL,
    sort_order integer DEFAULT 1 NOT NULL
);


ALTER TABLE public.material OWNER TO postgres;

--
-- TOC entry 200 (class 1259 OID 377413)
-- Name: material_id_seq; Type: SEQUENCE; Schema: public; Owner: postgres
--

CREATE SEQUENCE public.material_id_seq
    AS integer
    START WITH 1
    INCREMENT BY 1
    NO MINVALUE
    NO MAXVALUE
    CACHE 1;


ALTER TABLE public.material_id_seq OWNER TO postgres;

--
-- TOC entry 2866 (class 0 OID 0)
-- Dependencies: 200
-- Name: material_id_seq; Type: SEQUENCE OWNED BY; Schema: public; Owner: postgres
--

ALTER SEQUENCE public.material_id_seq OWNED BY public.material.id;


--
-- TOC entry 199 (class 1259 OID 377376)
-- Name: recipe; Type: TABLE; Schema: public; Owner: postgres
--

CREATE TABLE public.recipe (
    id integer NOT NULL,
    title character varying(200) NOT NULL,
    memo character varying(3000) NOT NULL,
    tag_1 integer,
    tag_2 integer,
    tag_3 integer,
    tag_4 integer,
    tag_5 integer,
    created_date timestamp without time zone DEFAULT now() NOT NULL,
    display_flg boolean DEFAULT true NOT NULL,
    recommend_flg boolean DEFAULT true NOT NULL
);


ALTER TABLE public.recipe OWNER TO postgres;

--
-- TOC entry 198 (class 1259 OID 377374)
-- Name: recipe_id_seq; Type: SEQUENCE; Schema: public; Owner: postgres
--

CREATE SEQUENCE public.recipe_id_seq
    AS integer
    START WITH 1
    INCREMENT BY 1
    NO MINVALUE
    NO MAXVALUE
    CACHE 1;


ALTER TABLE public.recipe_id_seq OWNER TO postgres;

--
-- TOC entry 2867 (class 0 OID 0)
-- Dependencies: 198
-- Name: recipe_id_seq; Type: SEQUENCE OWNED BY; Schema: public; Owner: postgres
--

ALTER SEQUENCE public.recipe_id_seq OWNED BY public.recipe.id;


--
-- TOC entry 197 (class 1259 OID 377326)
-- Name: tag; Type: TABLE; Schema: public; Owner: postgres
--

CREATE TABLE public.tag (
    id integer NOT NULL,
    tag_name character varying(100) NOT NULL,
    sort_order integer DEFAULT 999 NOT NULL,
    display_flg boolean DEFAULT true NOT NULL,
    created_date timestamp without time zone DEFAULT now() NOT NULL
);


ALTER TABLE public.tag OWNER TO postgres;

--
-- TOC entry 196 (class 1259 OID 377324)
-- Name: tag_id_seq; Type: SEQUENCE; Schema: public; Owner: postgres
--

CREATE SEQUENCE public.tag_id_seq
    AS integer
    START WITH 1
    INCREMENT BY 1
    NO MINVALUE
    NO MAXVALUE
    CACHE 1;


ALTER TABLE public.tag_id_seq OWNER TO postgres;

--
-- TOC entry 2868 (class 0 OID 0)
-- Dependencies: 196
-- Name: tag_id_seq; Type: SEQUENCE OWNED BY; Schema: public; Owner: postgres
--

ALTER SEQUENCE public.tag_id_seq OWNED BY public.tag.id;


--
-- TOC entry 2715 (class 2604 OID 377432)
-- Name: how_to id; Type: DEFAULT; Schema: public; Owner: postgres
--

ALTER TABLE ONLY public.how_to ALTER COLUMN id SET DEFAULT nextval('public.how_to_id_seq'::regclass);


--
-- TOC entry 2713 (class 2604 OID 377418)
-- Name: material id; Type: DEFAULT; Schema: public; Owner: postgres
--

ALTER TABLE ONLY public.material ALTER COLUMN id SET DEFAULT nextval('public.material_id_seq'::regclass);


--
-- TOC entry 2709 (class 2604 OID 377379)
-- Name: recipe id; Type: DEFAULT; Schema: public; Owner: postgres
--

ALTER TABLE ONLY public.recipe ALTER COLUMN id SET DEFAULT nextval('public.recipe_id_seq'::regclass);


--
-- TOC entry 2705 (class 2604 OID 377329)
-- Name: tag id; Type: DEFAULT; Schema: public; Owner: postgres
--

ALTER TABLE ONLY public.tag ALTER COLUMN id SET DEFAULT nextval('public.tag_id_seq'::regclass);


--
-- TOC entry 2859 (class 0 OID 377429)
-- Dependencies: 203
-- Data for Name: how_to; Type: TABLE DATA; Schema: public; Owner: postgres
--

COPY public.how_to (id, recipe_id, how_to_no1, how_to_no2, how_to_no3, how_to_no4, how_to_no5, how_to_no6, how_to_no7, how_to_no8, how_to_no9, how_to_no10) FROM stdin;
11	12	鶏もも肉を一口大に切る。塩こしょうで下味をつけておく。	片栗粉、小麦粉を混ぜ合わせておく。鶏肉にまぶし、180℃の油で揚げる。	生姜とにんにくをみじん切りにし、胡麻とチリソースを混ぜ合わせておく。	揚がった唐揚げに、ソースをかけて完成。						
12	13	玉ねぎ、にんにく、生姜をみじん切りに、にんじん、水煮たけのこを細切りに、きのこを適当な大きさに切る。	鶏ひき肉をまず炒める。色が変わったら、切っておいた具材を入れて炒める。	全体的に火が通ったら、調味料を全て入れる。水分が出てくるので、春雨を入れて水分を吸わせる。	水分が無くなったら火を止め、バットに移し冷ましておく。	冷めたら春巻きの皮で包み、180℃の油で揚げる。					
13	14	鶏むね肉を開き、厚さを均等にする。フォークなどで穴をあけ、火を通りやすくする。塩で下味をつけておく。	ジップロックに、鶏肉をいれる。好みのスパイスミックス、オリーブオイル、酒を入れて揉み込む。冷蔵庫で少し寝かせる。	低温調理機にジップロックを入れ調理する。							
1	1	じゃがいもと玉ねぎの皮をむき、適当な大きさに切る。\n	半カップ程度の水と、切った野菜にコンソメと塩こしょうをし、圧力鍋で煮込む。	煮込み終わって柔らかくなった野菜と牛乳とバターでミキサーにかけてしっかり撹拌する。	冷蔵庫で冷やす。オリーブオイルとこしょう、パセリを振りかけていただく。						
2	2	かぶの葉をよく洗い、細かく刻む。	ごま油を引いたフライパンでかぶの葉を炒める。	しんなりしてきたら、刻んだ鷹の爪と、醤油、みりん、砂糖を加える。水分が無くなるまで煮立たせる。	胡麻を加えて完成。						
3	3	バジル、春菊、にんにく、塩をミキサーにかけ、ペースト状態にする。	鶏もも肉の掃除をして、厚さが均等になるように綿棒などでたたく。表裏全体に塩こしょうで下味をつける。	広げた鶏もも肉に、先ほどのバジルペーストを塗り広げる。	バジルペーストを塗った面を内側にして、たこ糸などで縛る。	フライパンで焼き目が全体につくくらい焼く。	ジップロックに焼いた肉を入れ、低温調理機で70度4時間ほど調理する。	たこ糸をほどき、中まで火が通っているか確認して完成。			
4	4	とうもろこしの皮をむき、実をそぎ落とす。	玉ねぎを適当な大きさに切る。	野菜とコンソメと適量の水を鍋に入れ、火が通るまで煮込む。	野菜に火が通ったら、バターと牛乳を入れ、ミキサーにかけ撹拌する。	オリーブオイルやパセリを振りかけ、いただく。					
5	5	きのこは石づきを落とし、手でちぎる。ベーコンも一口サイズに切る。玉ねぎ、にんにくは、みじん切りにする。	切った材料らをオリーブオイルで炒める。軽く塩こしょうをしておく。	しんなりしてきたら、生米を加える。透き通るまで炒める。	コンソメを投入。米が浸るまで、水を加え、蓋をして、米に水を加える。	水分が無くなったら、米の硬さを見る。まだ堅い場合は水を加える。これを好きな硬さになるまで繰り返す。	もう少しの硬さになったら、牛乳を加える。	仕上げにバターを投入して完成。			
6	6	豚バラ肉を1.5cmほどの角切りにする。生姜、にんにくはみじん切りにする。	豚バラ肉と生姜、にんにくを油でいためる。	肉の色が変わったら、調味料を全ていれて煮込む。	水分が無くなり、とろみがつくまで煮込む。	適宜、青菜やたまごを添えて完成。					
7	7	長芋は皮をむき、すりおろす。長ネギは小口切りする。	すりおろした長ネギ、ネギ、豆腐を混ぜる。めんつゆ、出汁、ごま油も一緒に混ぜる。	耐熱の器に盛る。上にチーズとマヨネーズをかける。	オーブンで焼き色が付くまで焼く。						
8	8	セロリ、にんじん、玉ねぎ、にんにくを、みじん切りにする。	にんにくを油で炒めて香り付けする。そこにひき肉を投入し、色が変わるまで炒める。次に野菜を入れる。	全体的に火が通ったら、ナンプラー、オイスターソースを入れて味付けをする。水分が無くなるまで炒める。	バジルの葉をちぎり、さっと炒める。	目玉焼きを載せて完成。					
9	9	セロリをざく切りにする。	鍋に、材料を全て入れて火にかける。餃子に火が通ったら完成。								
10	10	鶏むね肉を開き、厚さを均等にする。フォークなどで穴をあけ、火を通りやすくする。塩で下味をつけておく。	ジップロックに、鶏肉をいれる。	低温調理機で蒸し鶏を作る。	ソースの準備をする。玉ねぎとにんにくをみじん切りにし、その他調味料を混ぜる。	蒸し鶏ができたら、一口大にスライスし、先ほど作ったソースと、小口切りにしたねぎをかけて完成。					
14	15	にんにくをすりおろす。	にんにくをオリーブオイルで炒めて香りをつける。せせりを投入して炒める。	こしょうをかけ、好みでレモンを付けて完成。							
15	16	にんにくをみじん切り、きのこ、にんじん、玉ねぎ、セロリを適当な大きさに切る。	鍋ににんにく、鷹の爪を入れ、オリーブオイルで炒める。	切っておいた野菜も一緒に炒める。並行して、パスタをゆでておく。	ゆであがったパスタをトマトソースの中にいれて、味を整える。						
16	17	鶏むね肉を開き、厚さを均等にする。フォークなどで穴をあけ、火を通りやすくする。塩で下味をつけておく。	ジップロックに鶏むね肉を入れ、酒を入れ揉み込む。	低温調理で蒸し鶏を作る。	サニーレタスをちぎり、水をしっかり切っておく。	レタスとトマトとチキンを盛りつけ、好みのドレッシングをかけて完成。					
17	18	ズッキーニをスティック状に切る。	春巻きの皮に、生ハム、ズッキーニ、クミンシードののせて巻く。	180℃の油で揚げる。							
18	19	ブロッコリー、玉ねぎを適当な大きさに切る。	鍋に、野菜と水適量、コンソメを入れ日にかける。	火が通って煮こまれたら、バターと牛乳を入れ、ミキサーで撹拌する。	オリーブオイル、こしょう、適宜パセリをかけていただく。						
19	20	にんじん、玉ねぎを細切りにする。	ごま油で野菜を炒める。しなってきたら、輪切りにした鷹の爪を入れて炒める。	醤油、みりん、砂糖をいれ、煮詰める。	胡麻を振りかけて完成。						
20	21	茄子を一口サイズに切る。	180℃の油で茄子を素揚げする。茄子はスポンジのように油を吸うので、さっと上げるだけで良い。	めんつゆをいれたタッパーに、揚げた茄子をいれ、常温になったら、冷蔵庫で冷やす。	胡麻、糸唐辛子をトッピングして完成。						
21	22	オクラ、えのきを適当な大きさに切る。	耐熱皿に切った具材を入れ、ラップをふんわりとかけて、1.5分ほどレンジにかける。	火が通っていたら、めんつゆをかけて混ぜる。							
22	23	卵をとき、ちぎったスライスチーズ、クミンシードをいれる。	フライパンでオムレツ型に焼く。	レッドペッパー、オリーブオイルを回しかけ、いただく。							
23	24	みょうがときのこを適当な大きさに切る。	きのこと水を鍋に入れ、温める。	きのこに火が通ったら、鶏がらスープの素をいれる。	みょうがを入れ、さっと火にかける。	溶き卵を回し入れ、仕上げにラー油を垂らして完成。					
24	25	豆苗を1センチほどの長さに切る。	溶き卵の中に、豆苗、塩、クミンシードを入れる。	フライパンで丸型に焼く。	仕上げにチリソースをかける。						
25	26	玉ねぎをくし形に切る。	玉ねぎを炒める。	ある程度火が通ったら、牛肉を入れて炒める。	牛肉にざっと火が通ったら、調味料を全て入れて煮込む。	出来上がったら、どんぶりにご飯をよそい、トッピングに卵黄と、ねぎ、胡麻をのせて完成。					
26	27	トマトをくし切りにし、卵を溶いておく。卵には塩こしょうをしておく。	ごま油をひいたフライパンでトマトを炒める。半生まで炒める。	溶き卵をいれる。炒り卵にならない程度に火入れをする。							
27	28	水菜をしっかり水から切っておく。アボカドをダイスカットする。	鰹のたたきを一口大に切る。	にんにくをスライスし、油で揚げて、にんにくチップスを作る。	皿に、水菜と鰹のたたきを盛り、アボカド、にんにくチップ、塩こんぶを散らす。	ごま油と醤油を回しかける。好みで胡麻も散らして完成。					
28	29	ベーコンを細切りにする。	いんげんとベーコンを炒める。	皿に盛りつけ、上にゆで卵と黒こしょう、チーズをまぶす。							
29	30	ベーコンをスライスして焼く。トマトはスライスしておく。	スライス食パンをトースターで焼き、マーガリンを塗る。	パンに、ベーコン、ゆで卵、トマト、ルッコラを挟んで完成。							
30	31	パスタを表記時間通りゆでる。	にんにくをスライスして、オリーブオイルで炒める。	卵を溶いておく。	ゆでたパスタをフライパンにいれる。	火を止めて1分ほどしたら、溶き卵をいれて、手早く混ぜてたまごソースにする。	皿に盛りつけ、生ハムをトッピングする。				
31	32	鶏もも肉を一口サイズに切る。玉ねぎはみじん切り、にんにく、しょうがはすりおろす。	にんにく、しょうがをバターで炒め、香りを移す。その油で玉ねぎをしっかり炒める。	鶏肉を入れ、表面に火が入ったら、トマト缶、ヨーグルト、コンソメ、カレー粉を入れて煮込む。	仕上げに生クリーム、塩で味を整えて完成。						
32	33	具材をすべて一口大に切る。	皿にまんべんなく盛りつけ、マーマレード、こしょうを好みで振りかける。								
33	34	オリーブオイルで刻んだにんにくを炒めて香りを出す。	ひき肉を投入し炒める。塩少々。	ペンネパスタを表記時間通り茹でる。	ひき肉にトマト缶をつぶし入れてしっかりと煮込む。	水分が無くなってきたら味見をし、少し濃いくらいの味付けにしておく。	ゆであがったペンネを投入し、全体の味を整える。	バジルの葉を添えて完成。			
34	35	玉ねぎを薄切り、にんにくはみじん切りにする。	鶏レバーを掃除する。	フライパンにバターを入れ、にんにくと玉ねぎを炒める。	レバーを投入し、色が変わるまで炒める。	白ワインとローリエを入れて、アルコールと水分を飛ばす。	生クリームを入れ、煮込む。塩こしょうをして整える。	火から降ろし、粗熱を取ったらローリエを取り除き、ミキサーでなめらかになるまで撹拌する。	好きな入れ物に移し、冷蔵庫で冷やし完成。		
35	36	にんじん、玉ねぎを細切りにする。にんにく、しょうがはすりおろす。それらを全て保存容器に入れておく。	鯵の骨を取り、一口サイズに切る。	切った鯵に片栗粉をまぶし、180℃の油で揚げる。	揚がった鯵を、切った野菜が入った容器に入れ、めんつゆを浸るまで回し入れる。	粗熱が取れたら冷蔵庫で寝かし、漬けておく。					
36	37	玉ねぎ、にんじん、にんにく、セロリをみじん切りにする。	オリーブいるでにんにくを炒める。そこにひき肉を投入し、塩少々。	みじん切り野菜を投入。赤ワインも入れ、アルコール分を飛ばす。	トマト缶を入れ煮込む。	パスタを表記時間通り茹で始める。	水分が無くなったら、味を整える。	パスタをソースに絡め、器に盛り完成。			
37	38	じゃがいもの皮をむき、適当な大きさに切る。	耐熱皿に芋を入れ、レンジで火を入れる。	火が入ったら、マッシャーでつぶす。柔らかさを調整しながら、牛乳と片栗粉を投入する。塩を入れ、軽く味付けする。	小判型に成形し、片栗粉を両面にまぶす。	フライパンで焼いていく。	焼けたら皿に盛る。	同じフライパンに、醤油、みりん、砂糖をいれ、煮詰める。	煮詰まったソースを芋持ちに掛けて完成。		
38	39	具材を全てダイスカットにする。	大きめの鍋に、オリーブオイルをひき、にんにくを炒める。	香りが出てきたら、切った具材をすべて投入する。トマト缶、コンソメも入れる。	しばらく煮込む。	煮こまれたら塩で味を整え完成。					
39	40	じゃがいもをしっかり洗い、スティック状に切る。	180℃の油でいもを揚げる。	ゴルゴンゾーラを鍋に入れ、火にかけて溶かす。生クリームを入れ、ソースを作る。適宜塩で味を整える。	揚がったポテトに軽く塩をし、ゴルゴンゾーラソースを回しかけて完成。						
40	41	にんにくをスライス上に、ベーコンを細切りに、鷹の爪を輪切りにする。	オリーブオイルをひいたフライパンに、にんにく、ベーコン、鷹の爪を入れる。	パスタを表記時間ゆでる。	ゆであがったら、フライパンに投入し、塩を少々。醤油を1周回し入れる。	火を止めて1分待つ。その間に卵を溶いておく。	溶き卵を回し入れ、手早くパスタとかき混ぜて、たまごをソース上にさせる。炒り卵にならないように注意。	器に盛り完成。			
41	42	鶏肉を一口大にカットする。にんにくはすりおろす。	ジップロックに鶏肉、にんにく、醤油、みりんをいれ、30分ほど冷蔵庫で漬けておく。	片栗粉、小麦粉を2:1の割合で粉をつくり、鶏肉にまぶして180℃の油で揚げる。	器に盛りつけ、好みでレモンを付け合わせにして完成。						
42	43	ほうれん草、玉ねぎを適当な大きさにカットする。	大きめの鍋にバターを入れ、カットした野菜をいれてさっと炒める。	しんなりしてきたら、水、コンソメを加えて煮込む。	ざっくりにこまれたら粗熱をとり、牛乳を入れ、ミキサーで撹拌する。	器に盛り完成。					
43	44	春菊を適当な長さに切る。	ごま油をひいたフライパンで牛肉を炒める。表面の色が変わったら、春菊を投入する。	春菊がしんなりしてきたら、調味料を全て入れる。	器に盛り、胡麻を振りかけて完成。						
44	45	エビの下処理をする。背ワタを取り、片栗粉で汚れが落ちるまで洗う。水をしっかり拭いておく。	生姜、にんにく、ねぎをみじん切りにする。	エビに片栗粉をまとわせる。	ごま油をひき、エビを炒める。半生状態で一度別皿に移しておく。	同じフライパンで、生姜、にんにく、長ネギを炒める。しんなりしたら、豆板醤、ケチャップ、鶏ガラスープの素、醤油、砂糖を入れ煮詰める。	煮詰まったら、エビを戻し、ソースに絡める。	器に盛りつけて完成。			
45	46	鶏肉を一口サイズに切る。にんにくはみじん切り、鷹の爪は輪切りにしておく。	オリーブオイルをひいたフライパンに、にんにく、鷹の爪をいれ、香りを移す。	鶏肉も火にかける。	パスタを表記時間ゆでる。	茹で上がったら麺を投入し、塩こしょうで味を整える。レモン汁も回し入れる。	輪切りにしたレモンを添えて完成。				
46	47	生姜、にんにくをすりおろす。	豚肉と生姜、にんにく、他調味料すべてをジップロックに入れ、漬けておく。	片栗粉をまぶし、片面づつ焼いていく。	器に盛り完成。						
47	48	生姜はひとかけをスライスしておく。	すべての材料を圧力鍋に入れて煮込む。	出来上がったら器に盛り、卵と青菜をお好みで一緒に盛りつけて完成。							
48	49	かぼちゃの皮をむき、適当な大きさに切る。玉ねぎも適当な大きさに切る。	大きめの鍋にバターを入れ、カットした野菜をいれてさっと炒める。	全体にバターがいきわたったら、牛乳、コンソメを入れ煮込む。	ざっと煮込まれたら、粗熱を取り、ミキサーで撹拌する。	パセリを散らして完成。					
\.


--
-- TOC entry 2857 (class 0 OID 377415)
-- Dependencies: 201
-- Data for Name: material; Type: TABLE DATA; Schema: public; Owner: postgres
--

COPY public.material (id, recipe_id, material_name, sort_order) FROM stdin;
1	1	じゃがいも	1
2	1	玉ねぎ	2
3	1	バター	3
4	1	牛乳	4
5	1	コンソメ	5
6	2	蕪の葉	1
7	2	鷹の爪	2
8	2	胡麻	3
9	2	醤油	4
10	2	みりん	5
11	2	砂糖	6
12	3	鶏もも肉	1
13	3	バジル	2
14	3	春菊	3
15	3	にんにく	4
16	3	レッドペッパー	5
17	4	とうもろこし	1
18	4	玉ねぎ	2
19	4	コンソメ	3
20	4	バター	4
21	4	牛乳	5
22	5	きのこ	1
23	5	ベーコン	2
24	5	玉ねぎ	3
25	5	にんにく	4
26	5	生米	5
27	5	コンソメ	6
28	5	牛乳	7
29	5	バター	8
30	6	豚バラ肉	8
31	6	にんにく	8
32	6	生姜	8
33	6	八角	8
34	6	五香粉（ウーシャンフェン）	8
35	6	醤油	8
36	6	みりん	8
37	6	酒	8
38	6	砂糖	8
39	6	オイスターソース	8
40	7	長芋	1
41	7	豆腐	2
42	7	長ネギ	3
43	7	めんつゆ	4
44	7	顆粒出汁	5
45	7	ごま油	6
46	7	チーズ	7
47	7	マヨネーズ	8
48	8	鶏ひき肉	1
49	8	セロリ	2
50	8	にんじん	3
51	8	バジル	4
52	8	玉ねぎ	5
53	8	にんにく	6
54	8	ナンプラー	7
55	8	オイスターソース	8
56	9	餃子	1
57	9	セロリ	2
58	9	鶏だしのもと	3
59	9	塩	4
60	9	胡麻	5
61	10	鶏むね肉	1
62	10	万能ねぎ	2
63	10	玉ねぎ	3
64	10	にんにく	4
65	10	塩	5
66	10	醤油	6
67	10	みりん	7
68	10	酒	8
69	10	砂糖	9
70	10	ごま油	10
72	12	鶏もも肉	1
73	12	小麦粉	2
74	12	片栗粉	3
75	12	生姜	4
76	12	にんにく	5
77	12	胡麻	6
78	12	チリソース	7
79	13	鶏ひき肉	1
80	13	春巻きの皮	2
81	13	春雨	3
82	13	玉ねぎ	4
83	13	にんじん	5
84	13	きのこ	6
85	13	にんにく	7
86	13	生姜	8
87	13	水煮たけのこ	9
88	13	醤油	10
89	13	みりん	11
90	13	酒	12
91	13	砂糖	13
92	13	オイスターソース	14
93	14	鶏むね肉	1
94	14	スパイスミックス	2
95	14	オリーブオイル	3
96	14	酒	4
97	14	塩	5
98	15	せせり	1
99	15	にんにく	2
100	15	バジルソース	3
101	15	レモン	4
102	16	トマト缶	1
103	16	きのこ	2
104	16	にんにく	3
105	16	にんじん	4
106	16	玉ねぎ	5
107	16	セロリ	6
108	16	ペンネパスタ	7
109	16	コンソメ	8
110	16	鷹の爪	9
111	17	鶏むね肉	1
112	17	サニーレタス	2
113	17	ミニトマト	3
114	17	塩	4
115	17	酒	5
116	18	生ハム	1
117	18	ズッキーニ	2
118	18	春巻きの皮	3
119	18	クミンシード	4
120	19	ブロッコリー	1
121	19	玉ねぎ	2
122	19	コンソメ	3
123	19	牛乳	4
124	19	バター	5
125	20	にんじん	1
126	20	玉ねぎ	2
127	20	鷹の爪	3
128	20	ごま油	4
129	20	胡麻	5
130	20	醤油	6
131	20	みりん	7
132	20	砂糖	8
133	21	茄子	1
134	21	めんつゆ	2
135	21	胡麻	3
136	21	糸唐辛子	4
137	22	オクラ	1
138	22	えのき	2
139	22	めんつゆ	3
140	23	卵	1
141	23	スライスチーズ	2
142	23	クミンシード	3
143	23	塩	4
144	23	レッドペッパー	5
145	24	みょうが	1
146	24	きのこ	2
147	24	卵	3
148	24	鶏がらスープの素	4
149	24	ラー油	5
150	25	豆苗	1
151	25	卵	2
152	25	クミンシード	3
153	25	チリソース	4
154	25	塩	5
155	26	牛肉	1
156	26	玉ねぎ	2
157	26	醤油	3
158	26	みりん	4
159	26	酒	5
160	26	砂糖	6
161	26	卵黄	7
162	26	ねぎ	8
163	26	胡麻	9
164	27	トマト	1
165	27	卵	2
166	27	塩	3
167	27	こしょう	4
168	27	ごま油	5
169	28	鰹のたたき	1
170	28	水菜	2
171	28	アボカド	3
172	28	にんにく	4
173	28	塩こんぶ	5
174	28	ごま油	6
175	28	醤油	7
176	28	胡麻	8
177	29	いんげん	1
178	29	ベーコン	2
179	29	ゆで卵	3
180	29	チーズ	4
181	29	黒こしょう	5
182	30	食パン	1
183	30	トマト	2
184	30	ゆで卵	3
185	30	ベーコン	4
186	30	ルッコラ	5
187	30	マーガリン	6
188	31	生ハム	1
189	31	パスタ麺	2
190	31	卵	3
191	31	塩	4
192	31	こしょう	5
193	31	チーズ	6
194	31	にんにく	7
195	32	鶏もも肉	1
196	32	玉ねぎ	2
197	32	バター	3
198	32	にんにく	4
199	32	生姜	5
200	32	トマト缶	6
201	32	ヨーグルト	7
202	32	カレー粉	8
203	32	コンソメ	9
204	32	生クリーム	10
205	33	桃	1
206	33	モッツァレラチーズ	2
207	33	生ハム	3
208	33	ミント	4
209	33	オレンジマーマレード	5
210	33	こしょう	6
211	34	ペンネパスタ	1
212	34	トマト缶	2
213	34	ひき肉	3
214	34	にんにく	4
215	34	唐辛子	5
216	34	塩	6
217	34	オリーブオイル	7
218	34	バジル	8
219	35	鶏レバー	1
220	35	玉ねぎ	2
221	35	にんにく	3
222	35	白ワイン	4
223	35	生クリーム	5
224	35	バター	6
225	35	ローリエ	7
226	36	鯵	1
227	36	にんじん	2
228	36	玉ねぎ	3
229	36	にんにく	4
230	36	生姜	5
231	36	めんつゆ	6
232	36	片栗粉	7
233	37	合い挽き肉	1
234	37	玉ねぎ	2
235	37	にんじん	3
236	37	セロリ	4
237	37	にんにく	5
238	37	トマト缶	6
239	37	バター	7
240	37	赤ワイン	8
241	37	コンソメ	9
242	37	塩	10
243	37	パスタ麺	11
244	38	じゃがいも	1
245	38	牛乳	2
246	38	片栗粉	3
247	38	塩	4
248	38	醤油	5
249	38	みりん	6
250	38	砂糖	7
251	39	トマト缶	1
252	39	にんじん	2
253	39	玉ねぎ	3
254	39	セロリ	4
255	39	ベーコン	5
256	39	きのこ	6
257	39	にんにく	7
258	39	コンソメ	8
259	39	塩	9
260	39	パセリ	10
261	40	じゃがいも	1
262	40	ゴルゴンゾーラチーズ	2
263	40	生クリーム	3
264	40	塩	4
265	41	卵	1
266	41	ベーコン	2
267	41	鷹の爪	3
268	41	にんにく	4
269	41	パスタ麺	5
270	41	塩	6
271	41	醤油	7
272	42	鶏もも肉	1
273	42	にんにく	2
274	42	醤油	3
275	42	みりん	4
276	42	片栗粉	5
277	42	小麦粉	6
278	43	ほうれん草	1
279	43	玉ねぎ	2
280	43	バター	3
281	43	牛乳	4
282	43	コンソメ	5
283	44	牛肉	1
284	44	春菊	2
285	44	醤油	3
286	44	みりん	4
287	44	砂糖	5
288	44	胡麻	6
289	45	殻付きエビ	1
290	45	にんにく	2
291	45	生姜	3
292	45	ネギ	4
293	45	酒	5
294	45	ごま油	6
295	45	豆板醤	7
296	45	ケチャップ	8
297	45	鶏ガラスープの素	9
298	45	醤油	10
299	45	砂糖	11
300	45	片栗粉	12
301	46	レモン	1
302	46	レモン汁	2
303	46	鶏もも肉	3
304	46	にんにく	4
305	46	鷹の爪	5
306	46	パスタ麺	6
307	46	オリーブオイル	7
308	47	豚肉	1
309	47	生姜	2
310	47	にんにく	3
311	47	醤油	4
312	47	みりん	5
313	47	酒	6
314	47	片栗粉	7
315	48	鶏の手羽先	1
316	48	醤油	2
317	48	みりん	3
318	48	酒	4
319	48	生姜	5
320	49	かぼちゃ	1
321	49	玉ねぎ	2
322	49	バター	3
323	49	牛乳	4
324	49	コンソメ	5
\.


--
-- TOC entry 2855 (class 0 OID 377376)
-- Dependencies: 199
-- Data for Name: recipe; Type: TABLE DATA; Schema: public; Owner: postgres
--

COPY public.recipe (id, title, memo, tag_1, tag_2, tag_3, tag_4, tag_5, created_date, display_flg, recommend_flg) FROM stdin;
27	トマトの卵とじ	先に炒めるトマトは、しっかり火は通さず半生くらいを目指して。卵もしっかり炒めずに、ソースにするようなイメージで。	12	28	30	31	\N	2025-09-26 23:59:50.356917	t	f
28	鰹のたたきサラダ		11	27	28	31	38	2025-09-27 00:07:47.566595	t	f
29	いんげんとベーコンの炒め物		9	30	31	\N	\N	2025-09-27 00:19:03.746891	t	f
1	ビシソワーズ		1	2	3	4	9	2025-09-23 13:44:38.319741	t	f
2	蕪の葉のふりかけ		5	11	\N	\N	\N	2025-09-23 13:45:52.793071	t	f
30	BLTサンド		24	39	\N	\N	\N	2025-09-27 00:25:02.450378	t	f
6	魯肉飯	王道の魯肉飯なので、八角と五香粉入り。苦手な人は多いかも。	19	18	20	21	22	2025-09-26 17:06:01.450308	t	f
7	長芋のグラタン	明太子をいれても美味しい。	16	23	24	\N	\N	2025-09-26 17:19:11.566339	t	f
8	ガパオライス	王道はピーマンだけど、他の食材でもつくれる。このレシピでは、セロリとにんじんでつくる。	25	26	12	\N	\N	2025-09-26 17:31:39.430121	t	f
9	水餃子の中華スープ		18	10	\N	\N	\N	2025-09-26 17:54:28.511378	t	f
12	油淋鶏風唐揚げ		32	21	18	22	\N	2025-09-26 19:45:24.196623	t	f
5	きのこのリゾット	好きなきのこを好きなだけ入れてOKです。	15	16	9	4	\N	2025-09-26 16:48:21.289712	t	t
14	スパイスサラダチキン		20	28	29	30	31	2025-09-26 20:07:18.056696	t	f
15	せせりのバジルソース炒め		30	31	\N	\N	\N	2025-09-26 20:19:44.050157	t	f
16	トマトソースペンネパスタ		24	33	34	\N	\N	2025-09-26 20:27:43.579892	t	f
17	チキンのサラダ		28	29	35	29	\N	2025-09-26 20:37:54.085951	t	f
18	生ハムとズッキーニの春巻き	ズッキーニを切るだけなので、簡単。一番おいしい春巻き。おつまみにピッタリ。	20	30	31	32	12	2025-09-26 20:46:15.651614	t	f
26	牛丼		\N	21	22	24	37	2025-09-26 23:47:59.83847	t	f
19	ブロッコリーのポタージュスープ		9	10	13	\N	\N	2025-09-26 20:54:57.257605	t	f
20	にんじんのきんぴら		11	28	31	\N	\N	2025-09-26 21:03:12.066023	t	f
21	茄子の揚げ浸し		11	12	27	30	31	2025-09-26 21:09:41.777942	t	f
31	生ハムのカルボナーラ風パスタ	たまごソースにしたいので、炒り卵にならないように火加減に注意。	9	\N	24	33	34	2025-09-27 00:31:49.008923	t	f
23	エスニックオムレツ		20	25	28	31	\N	2025-09-26 21:23:36.965381	t	f
24	みょうがときのこの中華スープ		10	18	27	28	36	2025-09-26 21:33:52.455282	t	f
25	豆苗のエスニック風オムレツ		20	25	28	31	\N	2025-09-26 21:41:26.474355	t	f
3	鶏もも肉のポルケッタ風	低温調理で仕上げるので、ちゃんと中まで火が通っているかチェックする。	6	7	9	\N	\N	2025-09-23 13:46:37.722607	t	t
10	よだれ鶏	薬味は沢山のせるのが美味しい。	18	27	28	29	30	2025-09-26 18:04:51.168665	t	t
13	王道の春巻き		18	21	30	32	\N	2025-09-26 19:56:08.150996	t	t
4	コーンポタージュスープ	ハンドブレンダーではなく、ミキサーを使った方が、コーンの皮までしっかり撹拌され、なめらかに仕上がる。	10	12	13	14	9	2025-09-26 16:26:34.030968	t	t
22	オクラとえのきの副菜		11	12	28	30	31	2025-09-26 21:17:45.886188	t	t
32	バターチキンカレー		20	21	24	\N	\N	2025-09-27 11:13:43.661624	t	f
33	桃のカプレーゼ		41	45	46	47	48	2025-09-27 11:30:14.608351	t	f
34	ペンネアラビアータ	本来のペンネアラビアータは、トマトだけで作るが、コクが欲しかったので、ひき肉を入れて食べ応えを出した。	24	33	34	36	41	2025-09-27 15:58:11.411005	t	f
35	レバーペースト		9	41	46	47	48	2025-09-27 16:12:11.336164	t	f
36	鯵の南蛮漬け	鯵でも鯖でもOK	11	30	31	38	43	2025-09-27 16:18:37.506642	t	f
37	合い挽き肉のボロネーゼパスタ	ボロネーゼを作っておけば、パスタでなくても使いまわしできるので便利。	9	24	33	34	43	2025-09-27 16:26:07.264241	t	f
38	いももち		11	24	30	43	\N	2025-09-27 16:33:50.362193	t	f
39	ミネストローネ	セロリが入っていれば、他どんな野菜を入れてもOK。冷蔵庫のあまり野菜で作れる。セロリが無いとパンチが無くなる。	9	10	28	34	43	2025-09-27 16:40:58.695776	t	f
40	ゴルゴンゾーラソースのポテトフライ		30	41	46	47	48	2025-09-27 16:46:05.417785	t	f
41	ぺぺたま		24	33	34	36	41	2025-09-27 16:53:55.296707	t	f
42	王道の鶏のから揚げ	王道のから揚げは醤油とにんにくで味付けたもの。	22	30	32	40	44	2025-09-27 17:00:16.999234	t	f
43	ほうれん草のポタージュスープ		9	10	13	\N	\N	2025-09-27 17:09:58.424845	t	f
44	牛肉と春菊の炒め物		11	22	30	31	47	2025-09-27 17:14:10.759092	t	f
45	エビチリ	下処理が面倒だが、殻付きのエビで作った方が美味しい。	18	21	36	\N	\N	2025-09-27 17:24:28.285734	t	f
46	レモンのオイルパスタ		33	34	36	41	48	2025-09-27 17:31:50.034614	t	f
47	豚の生姜焼き		11	21	44	\N	\N	2025-09-27 17:36:18.925735	t	f
48	鶏手羽の煮込み		11	21	22	43	\N	2025-09-27 17:40:28.698775	t	f
49	かぼちゃのポタージュスープ		10	13	16	\N	\N	2025-09-27 17:46:49.965926	t	f
\.


--
-- TOC entry 2853 (class 0 OID 377326)
-- Dependencies: 197
-- Data for Name: tag; Type: TABLE DATA; Schema: public; Owner: postgres
--

COPY public.tag (id, tag_name, sort_order, display_flg, created_date) FROM stdin;
1	じゃがいも	999	t	2025-09-23 13:36:31.52958
2	バター	999	t	2025-09-23 13:36:43.049006
3	牛乳	999	t	2025-09-23 13:36:43.049006
4	コンソメ	999	t	2025-09-23 13:36:43.049006
5	かぶ	999	t	2025-09-23 13:36:43.049006
6	鶏もも肉	999	t	2025-09-23 13:36:43.049006
7	バジル	999	t	2025-09-23 13:36:43.049006
8	春菊	999	t	2025-09-23 13:36:43.049006
13	ポタージュ	999	t	2025-09-26 16:23:34.798278
14	冷製	999	t	2025-09-26 16:23:34.798278
15	きのこ	999	t	2025-09-26 16:44:04.139936
16	食欲の秋	999	t	2025-09-26 16:44:04.139936
19	台湾	999	t	2025-09-26 17:05:21.159053
21	ごはんがススム	999	t	2025-09-26 17:05:21.159053
22	肉料理	999	t	2025-09-26 17:05:21.159053
23	オーブン料理	999	t	2025-09-26 17:17:32.984
24	炭水化物	999	t	2025-09-26 17:17:32.984
25	エスニック料理	999	t	2025-09-26 17:30:58.610305
26	タイ料理	999	t	2025-09-26 17:30:58.610305
27	薬味	999	t	2025-09-26 18:04:13.50444
32	揚げ物	999	t	2025-09-26 19:45:22.560413
33	パスタ	999	t	2025-09-26 20:26:55.711678
34	イタリア	999	t	2025-09-26 20:26:55.711678
35	サラダ	999	t	2025-09-26 20:37:36.001884
36	ピリ辛	999	t	2025-09-26 21:33:27.544755
28	ダイエット	100	t	2025-09-26 18:04:13.50444
31	副菜	200	t	2025-09-26 18:04:13.50444
30	おつまみ	300	t	2025-09-26 18:04:13.50444
18	中華	400	t	2025-09-26 17:05:21.159053
9	洋風	500	t	2025-09-23 13:36:43.049006
12	夏野菜	600	t	2025-09-26 16:23:34.798278
20	スパイス	700	t	2025-09-26 17:05:21.159053
10	スープ	800	t	2025-09-23 13:36:43.049006
29	低温調理	900	t	2025-09-26 18:04:13.50444
11	和風	910	t	2025-09-23 13:36:43.049006
37	丼もの	999	t	2025-09-26 23:47:03.955479
38	魚料理	999	t	2025-09-27 00:04:34.43588
39	朝食	999	t	2025-09-27 00:24:05.022902
40	ビールのお供	999	t	2025-09-27 00:46:38.741769
41	ワインのお供	999	t	2025-09-27 00:46:38.741769
42	日本酒が合う	999	t	2025-09-27 00:46:38.741769
43	作り置き	999	t	2025-09-27 00:47:40.236818
44	スタミナ料理	999	t	2025-09-27 11:10:47.890801
45	フルーツ	999	t	2025-09-27 11:28:17.063826
46	おもてなし料理	999	t	2025-09-27 11:28:17.063826
47	前菜	999	t	2025-09-27 11:28:17.063826
48	お洒落	999	t	2025-09-27 11:28:17.063826
49	節約	999	t	2025-09-27 12:46:11.99263
\.


--
-- TOC entry 2869 (class 0 OID 0)
-- Dependencies: 202
-- Name: how_to_id_seq; Type: SEQUENCE SET; Schema: public; Owner: postgres
--

SELECT pg_catalog.setval('public.how_to_id_seq', 48, true);


--
-- TOC entry 2870 (class 0 OID 0)
-- Dependencies: 200
-- Name: material_id_seq; Type: SEQUENCE SET; Schema: public; Owner: postgres
--

SELECT pg_catalog.setval('public.material_id_seq', 324, true);


--
-- TOC entry 2871 (class 0 OID 0)
-- Dependencies: 198
-- Name: recipe_id_seq; Type: SEQUENCE SET; Schema: public; Owner: postgres
--

SELECT pg_catalog.setval('public.recipe_id_seq', 49, true);


--
-- TOC entry 2872 (class 0 OID 0)
-- Dependencies: 196
-- Name: tag_id_seq; Type: SEQUENCE SET; Schema: public; Owner: postgres
--

SELECT pg_catalog.setval('public.tag_id_seq', 49, true);


--
-- TOC entry 2723 (class 2606 OID 377437)
-- Name: how_to how_to_pkey; Type: CONSTRAINT; Schema: public; Owner: postgres
--

ALTER TABLE ONLY public.how_to
    ADD CONSTRAINT how_to_pkey PRIMARY KEY (id);


--
-- TOC entry 2721 (class 2606 OID 377421)
-- Name: material material_pkey; Type: CONSTRAINT; Schema: public; Owner: postgres
--

ALTER TABLE ONLY public.material
    ADD CONSTRAINT material_pkey PRIMARY KEY (id);


--
-- TOC entry 2719 (class 2606 OID 377387)
-- Name: recipe recipe_pkey; Type: CONSTRAINT; Schema: public; Owner: postgres
--

ALTER TABLE ONLY public.recipe
    ADD CONSTRAINT recipe_pkey PRIMARY KEY (id);


--
-- TOC entry 2717 (class 2606 OID 377334)
-- Name: tag tag_pkey; Type: CONSTRAINT; Schema: public; Owner: postgres
--

ALTER TABLE ONLY public.tag
    ADD CONSTRAINT tag_pkey PRIMARY KEY (id);


--
-- TOC entry 2730 (class 2606 OID 377438)
-- Name: how_to how_to_recipe_id_fkey; Type: FK CONSTRAINT; Schema: public; Owner: postgres
--

ALTER TABLE ONLY public.how_to
    ADD CONSTRAINT how_to_recipe_id_fkey FOREIGN KEY (recipe_id) REFERENCES public.recipe(id);


--
-- TOC entry 2729 (class 2606 OID 377422)
-- Name: material material_recipe_id_fkey; Type: FK CONSTRAINT; Schema: public; Owner: postgres
--

ALTER TABLE ONLY public.material
    ADD CONSTRAINT material_recipe_id_fkey FOREIGN KEY (recipe_id) REFERENCES public.recipe(id);


--
-- TOC entry 2724 (class 2606 OID 377388)
-- Name: recipe recipe_tag_1_fkey; Type: FK CONSTRAINT; Schema: public; Owner: postgres
--

ALTER TABLE ONLY public.recipe
    ADD CONSTRAINT recipe_tag_1_fkey FOREIGN KEY (tag_1) REFERENCES public.tag(id);


--
-- TOC entry 2725 (class 2606 OID 377393)
-- Name: recipe recipe_tag_2_fkey; Type: FK CONSTRAINT; Schema: public; Owner: postgres
--

ALTER TABLE ONLY public.recipe
    ADD CONSTRAINT recipe_tag_2_fkey FOREIGN KEY (tag_2) REFERENCES public.tag(id);


--
-- TOC entry 2726 (class 2606 OID 377398)
-- Name: recipe recipe_tag_3_fkey; Type: FK CONSTRAINT; Schema: public; Owner: postgres
--

ALTER TABLE ONLY public.recipe
    ADD CONSTRAINT recipe_tag_3_fkey FOREIGN KEY (tag_3) REFERENCES public.tag(id);


--
-- TOC entry 2727 (class 2606 OID 377403)
-- Name: recipe recipe_tag_4_fkey; Type: FK CONSTRAINT; Schema: public; Owner: postgres
--

ALTER TABLE ONLY public.recipe
    ADD CONSTRAINT recipe_tag_4_fkey FOREIGN KEY (tag_4) REFERENCES public.tag(id);


--
-- TOC entry 2728 (class 2606 OID 377408)
-- Name: recipe recipe_tag_5_fkey; Type: FK CONSTRAINT; Schema: public; Owner: postgres
--

ALTER TABLE ONLY public.recipe
    ADD CONSTRAINT recipe_tag_5_fkey FOREIGN KEY (tag_5) REFERENCES public.tag(id);


-- Completed on 2025-10-01 23:45:45

--
-- PostgreSQL database dump complete
--

